date,time,title
2025-10-31,10:27:52,阅读《青山资本访谈录》
2025-10-31,10:29:25,现金逆回购的政策逻辑
2025-10-31,10:32:42,横盘整理识别算法 CD_Sideways
2025-10-31,10:32:53,动量因子在股票研究中的应用
2025-10-31,10:37:13,二级市场资金流动结构
2025-10-31,10:38:15,EQ_DayLast_V1 模型复现
2025-10-31,10:39:27,历史上的创新偶然性
2025-10-31,10:40:44,演化视角下的泡沫周期
2025-10-31,10:58:33,上涨趋势中低开市场情绪的验证
2025-10-31,11:11:04,研究主题笔记的聚合方法
2025-10-31,11:13:22,阅读《大分流》
2025-10-31,11:24:22,统计学习与经济学结合的案例
2025-10-31,14:19:57,提示词管理
2025-10-31,15:51:58,现金管理，例如逆回购
2025-10-31,15:53:07,
2025-10-31,15:53:12,豆瓣清单清理
2025-10-31,15:56:45,`@hold` 暂停 → 不参与抽取
2025-10-31_月度观照汇总成-md-文档,2025-10-31,2025-10-31T15:59:57+08:00,,,月度观照汇总成 MD 文档,,,started,,
2025-10-31,16:00:11,2025-11-02：加入元数据与分区（开放中/暂停/归档）
2025-10-31,16:00:41,月度观照汇总成MD文档
2025-10-31,16:02:53,提示词管理
2025-10-31,16:04:01,豆瓣清单清理
2025-10-31,16:05:43,豆瓣清单清理
2025-10-31,16:07:40,• 豆瓣清单清理 · 已完成(2025-10-31)
2025-10-31,16:09:26,现金管理，例如逆回购
2025-10-31,16:10:33,豆瓣清单清理
2025-11-26,09:57:47,现金管理，例如逆回购
2025-11-26,10:04:40,提示词管理
2025-11-27,08:54:38,豆瓣清单清理
2025-11-27,08:56:10,提示词管理
